[{"id":"AVAILABILITY-001","content":"Fix member availability system - auto-lock past dates","status":"completed","priority":"high"},{"id":"AVAILABILITY-002","content":"Implement 8PM cutoff rule for tomorrow's availability","status":"completed","priority":"high"},{"id":"AVAILABILITY-003","content":"Fix admin visibility of member availability updates","status":"completed","priority":"high"},{"id":"AVAILABILITY-004","content":"Fix default unavailable status for all days","status":"completed","priority":"medium"}]